[
    {
        "name": "Home",
        "title": "Home",
        "url": "index.html"
    },
    {
        "name": "Articles",
        "title": "Articles",
        "url": "articles.html"
    },
    {
        "name": "Magic Web",
        "title": "Magic Web",
        "url": "https://magic-web.talesoftibia.com/#32487,31929,7:0"
    },
    {
        "name": "NPSearch",
        "title": "NPSearch",
        "url": "npsearch.html"
    },
    {
        "name": "LIBSearch",
        "title": "LIBSearch",
        "url": "libsearch.html"
    }
]