[
    {
        "name": "Home",
        "title": "Home",
        "url": "index.html"
    },
    {
        "name": "Articles",
        "title": "Articles",
        "url": "articles.html"
    },
    {
        "name": "Libraries",
        "title": "Libraries",
        "url": "achievements.html"
    },
    {
        "name": "Magic Web",
        "title": "Magic web",
        "url": "https://magic-web.talesoftibia.com/#32487,31929,7:0"
    },
    {
        "name": "NPearch",
        "title": "NPSearch",
        "url": "npsearch.html"
    }
]